{"metadata":{"asset_id":"9fbc5b0a-4dbf-4ea6-bc59-a1007a9bfeaa","asset_attributes":["data_asset"],"name":"credit_info_csv_shaped","asset_type":"data_asset","created_at":"2021-08-26T14:27:42Z","description":"","origin_country":"us","owner_id":"IBMid-550005J8BR","project_id":"06794ca5-2969-4242-98de-d577ae9216b0","size":950918,"tags":[],"usage":{"last_update_time":1629988062919,"last_updated_at":"2021-08-26T14:27:42Z"}},"entity":{"data_asset":{"mime_type":"text/csv","dataset":true,"properties":[{"name":"file_format","value":"csv"},{"name":"first_line_header","value":"true"}]}},"attachments":[{"id":"97a09439-34b0-42ba-89a0-7dd898ecc2d9","version":2,"asset_type":"data_asset","name":"credit_info_csv_shaped","mime":"text/csv","datasource_type":"193a97c1-4475-4a19-b90c-295c4fdc6517","object_key":"data_asset/credit_info_csv_shaped_2iqjotyrsedzb06fty6t60c3k","creator_id":"IBMid-550005J8BR","create_time":1629988062826,"size":950918,"is_remote":false,"is_managed":false,"is_referenced":true,"is_object_key_read_only":false,"is_user_provided_path_key":true,"transfer_complete":true,"is_partitioned":false,"complete_time_ticks":1629988062826,"user_data":{},"test_doc":0,"handle":{"bucket":"autoailowcodetdc-donotdelete-pr-8ozgb9ss6uylzn","location":"us-geo","key":"data_asset/credit_info_csv_shaped_2iqjotyrsedzb06fty6t60c3k","upload_id":"done","max_part_num":1},"usage":{"access_count":0,"last_accessor_id":"IBMid-550005J8BR","last_access_time":1629988062826}}]}
