{"metadata":{"asset_id":"7222115f-7308-44d0-b86e-ff453c66e1f9","asset_attributes":["data_flow"],"name":"credit_info.csv_flow","asset_type":"data_flow","created_at":"2021-08-26T14:26:37Z","description":"","origin_country":"us","owner_id":"IBMid-550005J8BR","project_id":"06794ca5-2969-4242-98de-d577ae9216b0","size":0,"tags":[],"usage":{"last_update_time":1629987997179,"last_updated_at":"2021-08-26T14:26:37Z"}},"entity":{"data_flow":{"pipeline":{"primary_pipeline":"pipeline1","pipelines":[{"nodes":[{"output":{"id":"source1output"},"data_asset":{"ref":"6c9db47b-46db-41ae-a877-b506fa929982","app_data":{"dataset_name":"credit_info.csv"},"properties":{"first_line_header":"true","encoding":"UTF-8","invalid_data_handling":"fail","file_format":"csv"}},"id":"source1","type":"binding"},{"outputs":[{"id":"outputPort1"}],"op":"com.ibm.wdp.transformer.FreeformCode","inputs":[{"links":[{"node_id_ref":"source1","port_id_ref":"source1output"}],"id":"inputPort1"}],"id":"53c85cf3-879a-4622-8c24-1776b2713a4c","type":"execution_node","app_data":{"uiParams":{"args":{"auto":true,"type":"mutate","conditions":[],"version":4,"autoConditions":[{"removeColumn":false,"newColumnName":"","actualType":"character","column":"ID","format":"","type":"as.integer"},{"removeColumn":false,"newColumnName":"","actualType":"character","column":"SEX","format":"","type":"as.integer"},{"removeColumn":false,"newColumnName":"","actualType":"character","column":"EDUCATION","format":"","type":"as.integer"},{"removeColumn":false,"newColumnName":"","actualType":"character","column":"MARRIAGE","format":"","type":"as.integer"},{"removeColumn":false,"newColumnName":"","actualType":"character","column":"AGE","format":"","type":"as.integer"},{"removeColumn":false,"newColumnName":"","actualType":"character","column":"LIMIT_BAL","format":"","type":"as.integer"},{"removeColumn":false,"newColumnName":"","actualType":"character","column":"default","format":"","type":"as.integer"}]},"code":"mutate(`ID` = as.integer(`ID`),`SEX` = as.integer(`SEX`),`EDUCATION` = as.integer(`EDUCATION`),`MARRIAGE` = as.integer(`MARRIAGE`),`AGE` = as.integer(`AGE`),`LIMIT_BAL` = as.integer(`LIMIT_BAL`),`default` = as.integer(`default`))","automatic":true,"key":"mutate"}},"parameters":{"FREEFORM_CODE":"mutate(`ID` = as.integer(`ID`),`SEX` = as.integer(`SEX`),`EDUCATION` = as.integer(`EDUCATION`),`MARRIAGE` = as.integer(`MARRIAGE`),`AGE` = as.integer(`AGE`),`LIMIT_BAL` = as.integer(`LIMIT_BAL`),`default` = as.integer(`default`))"}},{"outputs":[{"id":"outputPort2"}],"op":"com.ibm.wdp.transformer.FreeformCode","inputs":[{"links":[{"node_id_ref":"53c85cf3-879a-4622-8c24-1776b2713a4c","port_id_ref":"outputPort1"}],"id":"inputPort1"}],"id":"3b4ad5c2-c08a-49bd-9645-f5cce0bfe814","type":"execution_node","app_data":{"uiParams":{"args":{"auto":false,"type":"mutate","conditions":[{"removeColumn":false,"newColumnName":"","actualType":"Integer","column":"ID","format":"","type":"as.character"}],"version":4,"autoConditions":[]},"code":"mutate(`ID` = as.character(`ID`))","key":"mutate"}},"parameters":{"FREEFORM_CODE":"mutate(`ID` = as.character(`ID`))"}},{"input":{"link":{"node_id_ref":"3b4ad5c2-c08a-49bd-9645-f5cce0bfe814","port_id_ref":"outputPort2"},"id":"targetInput1"},"data_asset":{"project_ref":"06794ca5-2969-4242-98de-d577ae9216b0","app_data":{"targetType":"dataAsset","project_name":"AutoAI-Low-Code-TDC"},"properties":{"mode":"overwrite","name":"credit_info_csv_shaped","first_line_header":true,"file_format":"csv"}},"id":"target1","type":"binding"}],"runtime":"Spark","id":"pipeline1"}],"doc_type":"pipeline","id":"fd37319c-4694-4333-bdd8-06cb6abf64fd","app_data":{"replace_space_by_dot":true,"shaperCreated":true},"version":"1.0"},"_entity_only":true}}}
