{"metadata":{"asset_id":"4dd6a559-003e-43bd-9cec-e078b518ca76","asset_attributes":["data_asset"],"name":"payment_info_csv_shaped","asset_type":"data_asset","created_at":"2021-08-26T14:24:50Z","description":"","origin_country":"us","owner_id":"IBMid-550005J8BR","project_id":"06794ca5-2969-4242-98de-d577ae9216b0","size":3415186,"tags":[],"usage":{"last_update_time":1629987890579,"last_updated_at":"2021-08-26T14:24:50Z"}},"entity":{"data_asset":{"mime_type":"text/csv","dataset":true,"properties":[{"name":"file_format","value":"csv"},{"name":"first_line_header","value":"true"}]}},"attachments":[{"id":"df10d5b9-68f5-46bc-a0a0-b4d96ad33bd8","version":2,"asset_type":"data_asset","name":"payment_info_csv_shaped","mime":"text/csv","datasource_type":"193a97c1-4475-4a19-b90c-295c4fdc6517","object_key":"data_asset/payment_info_csv_shaped_ej1w5fuhg4ajmm2bskr6dqb3","creator_id":"IBMid-550005J8BR","create_time":1629987890475,"size":3415186,"is_remote":false,"is_managed":false,"is_referenced":true,"is_object_key_read_only":false,"is_user_provided_path_key":true,"transfer_complete":true,"is_partitioned":false,"complete_time_ticks":1629987890475,"user_data":{},"test_doc":0,"handle":{"bucket":"autoailowcodetdc-donotdelete-pr-8ozgb9ss6uylzn","location":"us-geo","key":"data_asset/payment_info_csv_shaped_ej1w5fuhg4ajmm2bskr6dqb3","upload_id":"done","max_part_num":1},"usage":{"access_count":0,"last_accessor_id":"IBMid-550005J8BR","last_access_time":1629987890475}}]}
