{"metadata":{"asset_id":"879f08d7-391c-4132-8a3e-640a01133c5e","asset_attributes":["data_flow"],"name":"payment_info.csv_flow","asset_type":"data_flow","created_at":"2021-08-26T14:23:05Z","description":"","origin_country":"us","owner_id":"IBMid-550005J8BR","project_id":"06794ca5-2969-4242-98de-d577ae9216b0","size":0,"tags":[],"usage":{"last_update_time":1629987785517,"last_updated_at":"2021-08-26T14:23:05Z"}},"entity":{"data_flow":{"pipeline":{"primary_pipeline":"pipeline1","pipelines":[{"nodes":[{"output":{"id":"source1output"},"data_asset":{"ref":"17334f96-bdbe-4ab2-8d57-b42dce9a9e86","app_data":{"dataset_name":"payment_info.csv"},"properties":{"first_line_header":"true","encoding":"UTF-8","invalid_data_handling":"fail","file_format":"csv"}},"id":"source1","type":"binding"},{"outputs":[{"id":"outputPort1"}],"op":"com.ibm.wdp.transformer.FreeformCode","inputs":[{"links":[{"node_id_ref":"source1","port_id_ref":"source1output"}],"id":"inputPort1"}],"id":"f198161b-ecf5-4619-a285-01b4e2ba3154","type":"execution_node","app_data":{"uiParams":{"args":{"auto":true,"type":"mutate","conditions":[],"version":4,"autoConditions":[{"removeColumn":false,"newColumnName":"","actualType":"character","column":"ID","format":"","type":"as.integer"},{"removeColumn":false,"newColumnName":"","actualType":"character","column":"PAY_1","format":"","type":"as.integer"},{"removeColumn":false,"newColumnName":"","actualType":"character","column":"PAY_2","format":"","type":"as.integer"},{"removeColumn":false,"newColumnName":"","actualType":"character","column":"PAY_3","format":"","type":"as.integer"},{"removeColumn":false,"newColumnName":"","actualType":"character","column":"PAY_4","format":"","type":"as.integer"},{"removeColumn":false,"newColumnName":"","actualType":"character","column":"PAY_5","format":"","type":"as.integer"},{"removeColumn":false,"newColumnName":"","actualType":"character","column":"PAY_6","format":"","type":"as.integer"},{"removeColumn":false,"newColumnName":"","actualType":"character","column":"BILL_AMT1","format":"","type":"as.double"},{"removeColumn":false,"newColumnName":"","actualType":"character","column":"BILL_AMT2","format":"","type":"as.double"},{"removeColumn":false,"newColumnName":"","actualType":"character","column":"BILL_AMT3","format":"","type":"as.double"},{"removeColumn":false,"newColumnName":"","actualType":"character","column":"BILL_AMT4","format":"","type":"as.double"},{"removeColumn":false,"newColumnName":"","actualType":"character","column":"BILL_AMT5","format":"","type":"as.double"},{"removeColumn":false,"newColumnName":"","actualType":"character","column":"BILL_AMT6","format":"","type":"as.double"},{"removeColumn":false,"newColumnName":"","actualType":"character","column":"PAY_AMT1","format":"","type":"as.double"},{"removeColumn":false,"newColumnName":"","actualType":"character","column":"PAY_AMT2","format":"","type":"as.double"},{"removeColumn":false,"newColumnName":"","actualType":"character","column":"PAY_AMT3","format":"","type":"as.double"},{"removeColumn":false,"newColumnName":"","actualType":"character","column":"PAY_AMT4","format":"","type":"as.double"},{"removeColumn":false,"newColumnName":"","actualType":"character","column":"PAY_AMT5","format":"","type":"as.double"},{"removeColumn":false,"newColumnName":"","actualType":"character","column":"PAY_AMT6","format":"","type":"as.double"}]},"code":"mutate(`ID` = as.integer(`ID`),`PAY_1` = as.integer(`PAY_1`),`PAY_2` = as.integer(`PAY_2`),`PAY_3` = as.integer(`PAY_3`),`PAY_4` = as.integer(`PAY_4`),`PAY_5` = as.integer(`PAY_5`),`PAY_6` = as.integer(`PAY_6`),`BILL_AMT1` = as.double(`BILL_AMT1`),`BILL_AMT2` = as.double(`BILL_AMT2`),`BILL_AMT3` = as.double(`BILL_AMT3`),`BILL_AMT4` = as.double(`BILL_AMT4`),`BILL_AMT5` = as.double(`BILL_AMT5`),`BILL_AMT6` = as.double(`BILL_AMT6`),`PAY_AMT1` = as.double(`PAY_AMT1`),`PAY_AMT2` = as.double(`PAY_AMT2`),`PAY_AMT3` = as.double(`PAY_AMT3`),`PAY_AMT4` = as.double(`PAY_AMT4`),`PAY_AMT5` = as.double(`PAY_AMT5`),`PAY_AMT6` = as.double(`PAY_AMT6`))","automatic":true,"key":"mutate"}},"parameters":{"FREEFORM_CODE":"mutate(`ID` = as.integer(`ID`),`PAY_1` = as.integer(`PAY_1`),`PAY_2` = as.integer(`PAY_2`),`PAY_3` = as.integer(`PAY_3`),`PAY_4` = as.integer(`PAY_4`),`PAY_5` = as.integer(`PAY_5`),`PAY_6` = as.integer(`PAY_6`),`BILL_AMT1` = as.double(`BILL_AMT1`),`BILL_AMT2` = as.double(`BILL_AMT2`),`BILL_AMT3` = as.double(`BILL_AMT3`),`BILL_AMT4` = as.double(`BILL_AMT4`),`BILL_AMT5` = as.double(`BILL_AMT5`),`BILL_AMT6` = as.double(`BILL_AMT6`),`PAY_AMT1` = as.double(`PAY_AMT1`),`PAY_AMT2` = as.double(`PAY_AMT2`),`PAY_AMT3` = as.double(`PAY_AMT3`),`PAY_AMT4` = as.double(`PAY_AMT4`),`PAY_AMT5` = as.double(`PAY_AMT5`),`PAY_AMT6` = as.double(`PAY_AMT6`))"}},{"outputs":[{"id":"outputPort2"}],"op":"com.ibm.wdp.transformer.FreeformCode","inputs":[{"links":[{"node_id_ref":"f198161b-ecf5-4619-a285-01b4e2ba3154","port_id_ref":"outputPort1"}],"id":"inputPort1"}],"id":"d7a401af-647d-49dc-9c9a-5521a93e351f","type":"execution_node","app_data":{"uiParams":{"args":{"auto":false,"type":"mutate","conditions":[{"removeColumn":false,"newColumnName":"","actualType":"Integer","column":"ID","format":"","type":"as.character"}],"version":4,"autoConditions":[]},"code":"mutate(`ID` = as.character(`ID`))","key":"mutate"}},"parameters":{"FREEFORM_CODE":"mutate(`ID` = as.character(`ID`))"}},{"input":{"link":{"node_id_ref":"d7a401af-647d-49dc-9c9a-5521a93e351f","port_id_ref":"outputPort2"},"id":"targetInput1"},"data_asset":{"project_ref":"06794ca5-2969-4242-98de-d577ae9216b0","app_data":{"targetType":"dataAsset","project_name":"AutoAI-Low-Code-TDC"},"properties":{"mode":"overwrite","name":"payment_info_csv_shaped","first_line_header":true,"file_format":"csv"}},"id":"target1","type":"binding"}],"runtime":"Spark","id":"pipeline1"}],"doc_type":"pipeline","id":"74d5269f-1c4a-4fe2-836b-62568da3421c","app_data":{"replace_space_by_dot":true,"shaperCreated":true},"version":"1.0"},"_entity_only":true}}}
