{"metadata":{"asset_id":"6c9db47b-46db-41ae-a877-b506fa929982","asset_attributes":["data_asset"],"name":"credit_info.csv","asset_type":"data_asset","created_at":"2021-08-26T14:17:32Z","description":"","origin_country":"us","owner_id":"IBMid-550005J8BR","project_id":"06794ca5-2969-4242-98de-d577ae9216b0","size":590903,"tags":[],"usage":{"last_update_time":1629987453758,"last_updated_at":"2021-08-26T14:17:33Z"}},"entity":{"data_asset":{"mime_type":"text/csv","dataset":false}},"attachments":[{"id":"38624f6d-0503-4bca-8cd8-8574cdb8b74e","version":2,"asset_type":"data_asset","name":"credit_info.csv","mime":"text/csv","datasource_type":"193a97c1-4475-4a19-b90c-295c4fdc6517","object_key":"credit_info.csv","creator_id":"IBMid-550005J8BR","create_time":1629987453756,"size":590903,"is_remote":false,"is_managed":false,"is_referenced":true,"is_object_key_read_only":true,"is_user_provided_path_key":true,"transfer_complete":true,"is_partitioned":false,"complete_time_ticks":1629987453756,"user_data":{},"test_doc":0,"handle":{"bucket":"autoailowcodetdc-donotdelete-pr-8ozgb9ss6uylzn","location":"us-geo","key":"credit_info.csv","upload_id":"done","max_part_num":1},"usage":{"access_count":0,"last_accessor_id":"IBMid-550005J8BR","last_access_time":1629987453756}}]}
