{"metadata":{"asset_id":"cf6a35df-a047-4e8f-acdb-e507b32c9907","asset_attributes":["job"],"name":"Job-payment","asset_type":"job","created_at":"2021-08-26T14:24:00Z","description":"","origin_country":"us","owner_id":"IBMid-550005J8BR","project_id":"06794ca5-2969-4242-98de-d577ae9216b0","size":0,"tags":[],"usage":{"last_update_time":1629987840127,"last_updated_at":"2021-08-26T14:24:00Z"}},"entity":{"job":{"asset_ref_type":"data_flow","configuration":{"env_id":"shaper_rruntime","env_name":"Default Data Refinery XS","env_type":"shaper_rruntime","env_variables":[]},"last_run_initiator":"None","last_run_time":"","last_run_status":"None","last_run_status_timestamp":0,"future_scheduled_runs":[],"enable_notifications":true,"notification_types":{"success":true,"warning":true,"failure":true},"retention_policy":{"days":7},"project_name":"AutoAI-Low-Code-TDC","asset_ref":"879f08d7-391c-4132-8a3e-640a01133c5e","schedule_id":"","schedule_creator_id":""}}}
