{"metadata":{"asset_id":"6bf8bb98-2c56-41a8-a16a-fcd466ed9d80","asset_attributes":["job"],"name":"credit_info_job","asset_type":"job","created_at":"2021-08-26T14:26:59Z","description":"","origin_country":"us","owner_id":"IBMid-550005J8BR","project_id":"06794ca5-2969-4242-98de-d577ae9216b0","size":0,"tags":[],"usage":{"last_update_time":1629988019291,"last_updated_at":"2021-08-26T14:26:59Z"}},"entity":{"job":{"asset_ref_type":"data_flow","configuration":{"env_id":"shaper_rruntime","env_name":"Default Data Refinery XS","env_type":"shaper_rruntime","env_variables":[]},"last_run_initiator":"None","last_run_time":"","last_run_status":"None","last_run_status_timestamp":0,"future_scheduled_runs":[],"enable_notifications":true,"notification_types":{"success":true,"warning":true,"failure":true},"retention_policy":{"days":7},"project_name":"AutoAI-Low-Code-TDC","asset_ref":"7222115f-7308-44d0-b86e-ff453c66e1f9","schedule_id":"","schedule_creator_id":""}}}
