{"metadata":{"asset_id":"34992bd6-4ae3-488f-a590-16da1d5f000c","asset_attributes":["notebook"],"name":"Low-Code-AI-with-PyCaret","asset_type":"notebook","created_at":"2021-08-26T17:16:28Z","description":"","origin_country":"us","owner_id":"IBMid-550005J8BR","project_id":"06794ca5-2969-4242-98de-d577ae9216b0","size":15053,"tags":["notebook"],"usage":{"last_update_time":1630000833265,"last_updated_at":"2021-08-26T18:00:33Z"}},"entity":{"notebook":{"kernel":{"name":"python3","display_name":"Python 3.8 + GPU","language":"python"},"originates_from":{"type":"blank"},"runtime":{"environment":"gpupy38-06794ca5-2969-4242-98de-d577ae9216b0"}}},"attachments":[{"id":"f639de57-d3f4-448b-b322-9072b892909f","version":2,"asset_type":"notebook","name":"attachment for notebook 34992bd6-4ae3-488f-a590-16da1d5f000c","description":"attachment for notebook 34992bd6-4ae3-488f-a590-16da1d5f000c","mime":"application/json","datasource_type":"193a97c1-4475-4a19-b90c-295c4fdc6517","object_key":"notebook/Low-Code-AI-with-PyCaret_rgNIshJQC.ipynb","creator_id":"IBMid-550005J8BR","create_time":1629998191221,"size":15053,"is_remote":false,"is_managed":false,"is_referenced":true,"is_object_key_read_only":false,"is_user_provided_path_key":true,"transfer_complete":true,"is_partitioned":false,"complete_time_ticks":1629998191221,"user_data":{},"test_doc":0,"handle":{"bucket":"autoailowcodetdc-donotdelete-pr-8ozgb9ss6uylzn","location":"us-geo","key":"notebook/Low-Code-AI-with-PyCaret_rgNIshJQC.ipynb","upload_id":"done","max_part_num":1},"usage":{"access_count":0,"last_accessor_id":"IBMid-550005J8BR","last_access_time":1629998191221}}]}
