{"metadata":{"asset_id":"ccaed8f1-2903-4f5e-9b8a-dae5e121d28a","asset_attributes":["notebook"],"name":"AutoAI-Experiment-1-Notebook","asset_type":"notebook","created_at":"2021-08-26T15:02:21Z","description":"","origin_country":"us","owner_id":"IBMid-550005J8BR","project_id":"06794ca5-2969-4242-98de-d577ae9216b0","size":29505,"tags":[],"usage":{"last_update_time":1629990143370,"last_updated_at":"2021-08-26T15:02:23Z"}},"entity":{"notebook":{"kernel":{"display_name":"Python 3.8","name":"python3","language":"python"},"originates_from":{"type":"blank"},"runtime":{"environment":"conda4py38-06794ca5-2969-4242-98de-d577ae9216b0"}}},"attachments":[{"id":"e41b61e5-03be-4d27-bc26-78220287e901","version":2,"asset_type":"notebook","name":"AutoAI-Experiment-1-Notebook","description":"AutoAI-Experiment-1-Notebook attachment for notebook asset ccaed8f1-2903-4f5e-9b8a-dae5e121d28a","mime":"application/json","datasource_type":"193a97c1-4475-4a19-b90c-295c4fdc6517","object_key":"notebook/notebook_ccaed8f1-2903-4f5e-9b8a-dae5e121d28a.ipynb","creator_id":"IBMid-550005J8BR","create_time":1629990143369,"size":29505,"is_remote":false,"is_managed":false,"is_referenced":true,"is_object_key_read_only":false,"is_user_provided_path_key":true,"transfer_complete":true,"is_partitioned":false,"complete_time_ticks":1629990143369,"user_data":{},"test_doc":0,"handle":{"bucket":"autoailowcodetdc-donotdelete-pr-8ozgb9ss6uylzn","location":"us-geo","key":"notebook/notebook_ccaed8f1-2903-4f5e-9b8a-dae5e121d28a.ipynb","upload_id":"done","max_part_num":1},"usage":{"access_count":0,"last_accessor_id":"IBMid-550005J8BR","last_access_time":1629990143369}}]}
